,percentage,cut_off,ssim,relative_error
0,1,3,20.51,0.0
1,5,15,38.27,0.17755155253288285
2,10,30,50.67,0.124
3,15,45,59.38,0.08709999999999996
