,percentage,cut_off,ssim,relative_error
0,1,1,56.07,0.0
1,5,9,77.06,0.2099654301070365
2,10,19,89.27,0.12209999999999988
3,15,29,94.7,0.054300000000000126
